{
    "system": "Agentic",
    "model": "gpt-4o-mini",
    "interest": 0.5405979033504739,
    "accuracy": 0.45145475620253617,
    "in_depth": 0.5432070861260347,
    "relevance": 0.5718096533887894
}