{
    "system": "Agentic",
    "model": "gpt-4o",
    "interest": 0.5215053043372162,
    "accuracy": 0.4633399788802094,
    "in_depth": 0.5675744363414674,
    "relevance": 0.6866265124213833
}