{
    "system": "ReAct",
    "model": "gpt-4o",
    "interest": 0.50718387527793,
    "accuracy": 0.47047269460848035,
    "in_depth": 0.5335671927436751,
    "relevance": 0.5964310052799028
}