{
    "system": "Base",
    "model": "gpt-4o-mini",
    "interest": 0.5835205789251509,
    "accuracy": 0.4915207816547357,
    "in_depth": 0.5926677826749873,
    "relevance": 0.6376925855315191
}