{
    "system": "Base",
    "model": "gpt-4o",
    "interest": 0.520885568655989,
    "accuracy": 0.45979404420852044,
    "in_depth": 0.5469953144754496,
    "relevance": 0.6068060445140779
}