{
    "system": "Best",
    "model": "gpt-4o-mini",
    "interest": 0.8882765270525124,
    "accuracy": 0.8668406507798684,
    "in_depth": 0.9120164092008786,
    "relevance": 0.9559230092430878
}